{"1": {"carBox": [[0.6779166666666666, 0.4837037037037037], [0.8041666666666667, 0.6437037037037037]], "licPoly": [[0.7475, 0.5706481481481481], [0.7727083333333333, 0.5725], [0.7720833333333333, 0.586574074074074], [0.746875, 0.5836111111111111]], "licNumber": "##-#####"}}