{"1": {"carBox": [[0.013333333333333334, 0.31837037037037036], [0.358, 0.7737777777777778]], "licPoly": [[0.1475, 0.5079012345679013], [0.2427777777777778, 0.5103703703703704], [0.24416666666666667, 0.5696296296296296], [0.1463888888888889, 0.5691358024691359]], "licNumber": "吉J-5IL33"}, "2": {"carBox": [[0.385, 0.3474074074074074], [0.7108333333333333, 0.7222222222222222]], "licPoly": [[0.5798611111111112, 0.485679012345679], [0.6355555555555555, 0.4869135802469136], [0.6401388888888888, 0.5234567901234568], [0.5822222222222222, 0.5244444444444444]], "licNumber": "冀R-I7P09"}}