{"1": {"carBox": [[0.013333333333333334, 0.316], [0.3585, 0.7690370370370371]], "licPoly": [[0.1288888888888889, 0.45753086419753086], [0.24444444444444444, 0.45753086419753086], [0.24444444444444444, 0.6061728395061727], [0.1288888888888889, 0.6061728395061727]], "licNumber": "吉J-5IL33"}}