{"1": {"carBox": [[0.013333333333333334, 0.3088888888888889], [0.36, 0.7548148148148148]], "licPoly": [[0.1288888888888889, 0.45753086419753086], [0.24444444444444444, 0.45753086419753086], [0.24444444444444444, 0.6061728395061727], [0.1288888888888889, 0.6061728395061727]], "licNumber": "吉J-5IL33"}}