{"1": {"carBox": [[0.013333333333333334, 0.3136296296296296], [0.359, 0.7642962962962963]], "licPoly": [[0.1288888888888889, 0.45753086419753086], [0.24444444444444444, 0.45753086419753086], [0.24444444444444444, 0.6061728395061727], [0.1288888888888889, 0.6061728395061727]], "licNumber": "吉J-5IL33"}}