{"1": {"carBox": [[0.013333333333333334, 0.3207407407407407], [0.3575, 0.7785185185185185]], "licPoly": [[0.14666666666666667, 0.5074074074074074], [0.2425, 0.5103703703703704], [0.24416666666666667, 0.5681481481481482], [0.14666666666666667, 0.5681481481481482]], "licNumber": "吉J-5IL33"}, "2": {"carBox": [[0.385, 0.3474074074074074], [0.7108333333333333, 0.7222222222222222]], "licPoly": [[0.5783333333333334, 0.48518518518518516], [0.6333333333333333, 0.4866666666666667], [0.6383333333333333, 0.5222222222222223], [0.5808333333333333, 0.5237037037037037]], "licNumber": "冀R-I7P09"}}