{"1": {"carBox": [[0.013333333333333334, 0.31125925925925924], [0.3595, 0.7595555555555557]], "licPoly": [[0.14833333333333334, 0.5118518518518519], [0.24333333333333335, 0.5162962962962963], [0.24083333333333334, 0.5711111111111111], [0.14916666666666667, 0.5696296296296296]], "licNumber": "吉J-5IL33"}, "2": {"carBox": [[0.385, 0.3474074074074074], [0.7108333333333333, 0.7222222222222222]], "licPoly": [[0.5844444444444444, 0.48716049382716053], [0.6422222222222221, 0.48765432098765427], [0.6455555555555554, 0.5271604938271606], [0.5863888888888888, 0.5266666666666666]], "licNumber": "冀R-I7P09"}}