{"2": {"carBox": [[0.385, 0.3474074074074074], [0.7108333333333333, 0.7222222222222222]], "licPoly": [[0.5875, 0.48814814814814816], [0.6466666666666666, 0.48814814814814816], [0.6491666666666667, 0.5296296296296297], [0.5891666666666666, 0.5281481481481481]], "licNumber": "冀R-I7P09"}}