{"1": {"carBox": [[0.013333333333333334, 0.31599999999999995], [0.3585, 0.7690370370370372]], "licPoly": [[0.14833333333333334, 0.508395061728395], [0.24305555555555555, 0.5103703703703704], [0.24416666666666667, 0.5711111111111111], [0.1461111111111111, 0.5701234567901234]], "licNumber": "吉J-5IL33"}, "2": {"carBox": [[0.385, 0.3474074074074074], [0.7108333333333333, 0.7222222222222222]], "licPoly": [[0.5813888888888888, 0.48617283950617285], [0.6377777777777777, 0.4871604938271605], [0.6419444444444444, 0.5246913580246915], [0.5836111111111111, 0.5251851851851852]], "licNumber": "冀R-I7P09"}}