{"1": {"carBox": [[0.013333333333333334, 0.3136296296296296], [0.359, 0.7642962962962965]], "licPoly": [[0.14916666666666667, 0.5088888888888888], [0.24333333333333335, 0.5103703703703704], [0.24416666666666667, 0.5725925925925925], [0.14583333333333334, 0.5711111111111111]], "licNumber": "吉J-5IL33"}, "2": {"carBox": [[0.385, 0.3474074074074074], [0.7108333333333333, 0.7222222222222222]], "licPoly": [[0.5829166666666666, 0.4866666666666667], [0.6399999999999999, 0.4874074074074074], [0.6437499999999999, 0.525925925925926], [0.585, 0.5259259259259259]], "licNumber": "冀R-I7P09"}}