{"1": {"carBox": [[0.013333333333333334, 0.3088888888888889], [0.36, 0.7548148148148148]], "licPoly": [[0.145, 0.5133333333333333], [0.24333333333333335, 0.5133333333333333], [0.24583333333333332, 0.5696296296296296], [0.145, 0.577037037037037]], "licNumber": "吉J-5IL33"}, "2": {"carBox": [[0.385, 0.3474074074074074], [0.7108333333333333, 0.7222222222222222]], "licPoly": [[0.5859722222222222, 0.4876543209876543], [0.6444444444444444, 0.4879012345679012], [0.647361111111111, 0.5283950617283951], [0.5877777777777777, 0.5274074074074074]], "licNumber": "冀R-I7P09"}}